{
  "negative": {
    "precision": 0.7608695652173914,
    "recall": 0.7954545454545454,
    "f1-score": 0.7777777777777778,
    "support": 44.0
  },
  "neutral": {
    "precision": 0.7894736842105263,
    "recall": 0.6521739130434783,
    "f1-score": 0.7142857142857143,
    "support": 23.0
  },
  "positive": {
    "precision": 0.7746478873239436,
    "recall": 0.7971014492753623,
    "f1-score": 0.7857142857142857,
    "support": 69.0
  },
  "accuracy": 0.7720588235294118,
  "macro avg": {
    "precision": 0.7749970455839538,
    "recall": 0.7482433025911286,
    "f1-score": 0.7592592592592592,
    "support": 136.0
  },
  "weighted avg": {
    "precision": 0.772697498762937,
    "recall": 0.7720588235294118,
    "f1-score": 0.7710667600373483,
    "support": 136.0
  },
  "accuracy_overall": 0.7720588235294118
}