{
  "negative": {
    "precision": 0.6296296296296297,
    "recall": 0.7727272727272727,
    "f1-score": 0.6938775510204082,
    "support": 44.0
  },
  "neutral": {
    "precision": 0.64,
    "recall": 0.6956521739130435,
    "f1-score": 0.6666666666666666,
    "support": 23.0
  },
  "positive": {
    "precision": 0.7719298245614035,
    "recall": 0.6376811594202898,
    "f1-score": 0.6984126984126984,
    "support": 69.0
  },
  "accuracy": 0.6911764705882353,
  "macro avg": {
    "precision": 0.6805198180636777,
    "recall": 0.702020202020202,
    "f1-score": 0.6863189720332578,
    "support": 136.0
  },
  "weighted avg": {
    "precision": 0.7035798646944158,
    "recall": 0.6911764705882353,
    "f1-score": 0.6915766306522609,
    "support": 136.0
  },
  "accuracy_overall": 0.6911764705882353
}